epoch,time,train/box_loss,train/cls_loss,train/dfl_loss,metrics/precision(B),metrics/recall(B),metrics/mAP50(B),metrics/mAP50-95(B),val/box_loss,val/cls_loss,val/dfl_loss,lr/pg0,lr/pg1,lr/pg2
1,13.5024,5.60712,43.9341,4.15515,0,0,0,0,5.09288,5.70861,4.14343,4.59769e-05,4.59769e-05,4.59769e-05
2,23.4072,5.09642,27.641,3.95587,0,0,0,0,4.23604,5.6209,3.81628,9.20056e-05,9.20056e-05,9.20056e-05
3,33.1799,4.2538,20.0242,3.44951,0,0,0,0,3.7786,5.54045,3.28039,0.000137729,0.000137729,0.000137729
4,42.9058,3.79948,15.2246,2.8025,0.00121,0.00675,0.00088,0.00028,3.34698,5.25359,2.7847,0.000137624,0.000137624,0.000137624
5,52.7349,3.39177,12.336,2.46889,0.16134,0.00834,0.0034,0.00093,3.0848,4.93488,2.49256,0.000137165,0.000137165,0.000137165
6,62.542,3.16857,10.5766,2.25723,0.22766,0.00933,0.00605,0.00154,2.95176,4.61925,2.37681,0.000136706,0.000136706,0.000136706
7,72.3942,2.9715,9.63622,2.22349,0.18047,0.01124,0.0053,0.00179,2.83361,4.45285,2.28758,0.000136248,0.000136248,0.000136248
8,82.2641,2.8287,8.45903,2.09053,0.27761,0.01913,0.01364,0.00511,2.69458,4.06434,2.16732,0.000135789,0.000135789,0.000135789
9,92.1385,2.78086,7.89367,2.00606,0.25819,0.02045,0.01361,0.00561,2.61279,3.9509,2.11864,0.00013533,0.00013533,0.00013533
10,102.013,2.6462,7.41215,1.91145,0.32662,0.02659,0.01609,0.00619,2.5726,3.93091,2.03724,0.000134872,0.000134872,0.000134872
11,111.956,2.63047,6.97012,1.90005,0.30459,0.0267,0.01839,0.00664,2.47528,3.74539,1.96638,0.000134413,0.000134413,0.000134413
12,121.888,2.55094,6.55653,1.83541,0.29783,0.03765,0.01899,0.00726,2.5242,3.65842,2.00224,0.000133954,0.000133954,0.000133954
13,131.812,2.51075,6.20385,1.82262,0.2971,0.03247,0.02006,0.00707,2.42327,3.66418,1.93868,0.000133496,0.000133496,0.000133496
14,141.744,2.47712,5.89263,1.80105,0.32334,0.0406,0.02701,0.01148,2.39412,3.52279,1.88261,0.000133037,0.000133037,0.000133037
15,151.677,2.45111,5.64698,1.76314,0.39447,0.03313,0.02583,0.01079,2.3096,3.51697,1.8593,0.000132578,0.000132578,0.000132578
16,161.645,2.4666,5.5475,1.73858,0.37432,0.04079,0.02851,0.01143,2.35148,3.41501,1.88697,0.000132119,0.000132119,0.000132119
17,171.577,2.42206,5.29275,1.70575,0.37382,0.04963,0.03092,0.01395,2.23959,3.33538,1.81229,0.000131661,0.000131661,0.000131661
18,181.522,2.37999,5.06884,1.71994,0.32699,0.05132,0.03195,0.01383,2.29617,3.33788,1.83586,0.000131202,0.000131202,0.000131202
19,191.449,2.36459,5.01888,1.71879,0.35399,0.05262,0.03486,0.01456,2.25077,3.28632,1.79258,0.000130743,0.000130743,0.000130743
20,201.398,2.32574,4.84445,1.69711,0.42169,0.05186,0.03523,0.01407,2.22417,3.24892,1.79798,0.000130285,0.000130285,0.000130285
21,211.333,2.30184,4.62787,1.66379,0.42368,0.06406,0.04144,0.01714,2.19542,3.1596,1.75235,0.000129826,0.000129826,0.000129826
22,221.279,2.31763,4.66675,1.66927,0.46005,0.06417,0.04627,0.02082,2.19239,3.14439,1.74935,0.000129367,0.000129367,0.000129367
23,231.213,2.26064,4.4783,1.6375,0.44681,0.07237,0.04697,0.02051,2.1855,3.12378,1.74964,0.000128909,0.000128909,0.000128909
24,241.162,2.28926,4.36815,1.61849,0.42434,0.07277,0.05123,0.02117,2.17964,3.05615,1.7446,0.00012845,0.00012845,0.00012845
25,251.103,2.24741,4.23166,1.61772,0.4967,0.07118,0.05146,0.02311,2.15421,3.09538,1.71192,0.000127991,0.000127991,0.000127991
26,261.037,2.28747,4.20215,1.63136,0.43366,0.06617,0.05031,0.02279,2.11692,3.06273,1.72557,0.000127532,0.000127532,0.000127532
27,270.969,2.22931,4.0414,1.5872,0.43834,0.09055,0.05478,0.02562,2.13225,2.94532,1.6988,0.000127074,0.000127074,0.000127074
28,280.931,2.24564,3.91774,1.60029,0.44965,0.0833,0.05974,0.02833,2.09409,2.93892,1.68084,0.000126615,0.000126615,0.000126615
29,290.857,2.1868,3.88781,1.54559,0.44577,0.0954,0.06336,0.03141,2.08831,2.91582,1.68619,0.000126156,0.000126156,0.000126156
30,300.797,2.19245,3.87369,1.55348,0.45289,0.08431,0.06504,0.03118,2.06755,2.85739,1.66897,0.000125698,0.000125698,0.000125698
31,310.752,2.16803,3.66249,1.54926,0.47212,0.08888,0.0684,0.03339,2.08087,2.84592,1.66687,0.000125239,0.000125239,0.000125239
32,320.699,2.16557,3.68048,1.56584,0.46544,0.08801,0.0723,0.03314,2.08845,2.82222,1.67579,0.00012478,0.00012478,0.00012478
33,330.649,2.18544,3.56963,1.54408,0.57799,0.09947,0.07946,0.0359,2.08813,2.82422,1.66017,0.000124322,0.000124322,0.000124322
34,340.603,2.14025,3.51536,1.55442,0.56342,0.08833,0.0776,0.0371,2.06658,2.78192,1.65803,0.000123863,0.000123863,0.000123863
35,350.553,2.1239,3.45407,1.52979,0.53567,0.0938,0.08376,0.04199,2.03275,2.79179,1.64484,0.000123404,0.000123404,0.000123404
36,360.499,2.10209,3.37509,1.51253,0.57172,0.09165,0.0835,0.03875,2.03685,2.73009,1.63048,0.000122945,0.000122945,0.000122945
37,370.417,2.11452,3.37598,1.52137,0.58947,0.09576,0.08748,0.04296,2.01651,2.7069,1.61222,0.000122487,0.000122487,0.000122487
38,380.352,2.10931,3.44226,1.51317,0.53846,0.10105,0.09264,0.04537,1.99379,2.66507,1.61203,0.000122028,0.000122028,0.000122028
39,390.307,2.10228,3.28519,1.50168,0.54013,0.11819,0.09086,0.04418,2.01491,2.64226,1.62316,0.000121569,0.000121569,0.000121569
40,400.254,2.06403,3.20024,1.46688,0.61413,0.10538,0.09162,0.04375,1.98363,2.64152,1.59664,0.000121111,0.000121111,0.000121111
41,410.186,2.06963,3.17546,1.48687,0.48749,0.13088,0.09275,0.04543,1.99011,2.64397,1.59643,0.000120652,0.000120652,0.000120652
42,420.137,2.06673,3.07131,1.47703,0.52726,0.12312,0.09494,0.04577,1.96281,2.61927,1.58969,0.000120193,0.000120193,0.000120193
43,430.1,2.02119,3.08433,1.47158,0.50907,0.11937,0.09055,0.04398,1.95833,2.59976,1.58553,0.000119735,0.000119735,0.000119735
44,440.045,2.03236,3.0411,1.48436,0.53819,0.13364,0.09944,0.04745,1.94956,2.57972,1.59844,0.000119276,0.000119276,0.000119276
45,450.004,2.06512,3.04112,1.49924,0.55269,0.12796,0.09678,0.04758,1.94396,2.59543,1.58903,0.000118817,0.000118817,0.000118817
46,459.934,1.9903,2.9364,1.45596,0.53507,0.12546,0.10161,0.05095,1.91856,2.56803,1.57946,0.000118359,0.000118359,0.000118359
47,469.957,2.05122,3.02279,1.47593,0.53773,0.13891,0.10094,0.0506,1.93228,2.52551,1.57436,0.0001179,0.0001179,0.0001179
48,479.972,2.01042,2.93799,1.45751,0.62411,0.12736,0.09927,0.04993,1.90561,2.50392,1.56637,0.000117441,0.000117441,0.000117441
49,489.975,2.01774,2.94542,1.44385,0.55607,0.13294,0.10174,0.05129,1.93051,2.5081,1.57109,0.000116982,0.000116982,0.000116982
50,499.998,1.97911,2.82608,1.45064,0.53739,0.13514,0.10413,0.05205,1.92338,2.49001,1.56103,0.000116524,0.000116524,0.000116524
51,510.015,2.02139,2.89032,1.4539,0.45634,0.13197,0.10552,0.04908,1.92749,2.46701,1.56435,0.000116065,0.000116065,0.000116065
52,520.009,2.01253,2.81329,1.45126,0.52225,0.13227,0.10659,0.05246,1.91443,2.48259,1.5558,0.000115606,0.000115606,0.000115606
53,530.062,2.00177,2.84302,1.43423,0.54878,0.13094,0.10837,0.05463,1.91973,2.44501,1.55211,0.000115148,0.000115148,0.000115148
54,540.1,1.95712,2.76794,1.42491,0.53778,0.13583,0.1098,0.05422,1.88972,2.45154,1.55179,0.000114689,0.000114689,0.000114689
55,550.147,1.96947,2.78554,1.42213,0.56214,0.12422,0.10799,0.05321,1.89932,2.44932,1.54247,0.00011423,0.00011423,0.00011423
56,560.119,1.98166,2.7884,1.42214,0.60204,0.12927,0.11891,0.05858,1.89502,2.38832,1.54105,0.000113771,0.000113771,0.000113771
57,570.089,1.95013,2.74521,1.42633,0.60241,0.13447,0.11824,0.05712,1.88963,2.36831,1.5437,0.000113313,0.000113313,0.000113313
58,580.054,1.95988,2.70617,1.44114,0.51698,0.13774,0.11244,0.05696,1.87301,2.35648,1.53592,0.000112854,0.000112854,0.000112854
59,590.002,1.9562,2.65629,1.40625,0.54163,0.12648,0.10983,0.05667,1.85412,2.37789,1.51481,0.000112395,0.000112395,0.000112395
60,599.987,1.94845,2.5822,1.40522,0.65324,0.13844,0.11603,0.05796,1.88992,2.35657,1.52463,0.000111937,0.000111937,0.000111937
61,609.917,1.95041,2.63278,1.40798,0.58829,0.14247,0.11618,0.05687,1.86738,2.39452,1.52105,0.000111478,0.000111478,0.000111478
62,619.872,1.90571,2.54431,1.4061,0.59031,0.14126,0.11155,0.05365,1.8837,2.36843,1.52723,0.000111019,0.000111019,0.000111019
63,629.804,1.95081,2.65578,1.41722,0.585,0.1443,0.11753,0.05832,1.8816,2.3763,1.52596,0.000110561,0.000110561,0.000110561
64,639.736,1.92388,2.61076,1.40693,0.51839,0.13423,0.12928,0.06401,1.86145,2.34033,1.52306,0.000110102,0.000110102,0.000110102
65,649.675,1.91719,2.53295,1.42806,0.61061,0.131,0.11838,0.06036,1.87325,2.29811,1.51677,0.000109643,0.000109643,0.000109643
66,659.614,1.90307,2.50063,1.36833,0.61782,0.14052,0.13051,0.06224,1.90244,2.33686,1.52696,0.000109184,0.000109184,0.000109184
67,669.556,1.91177,2.50116,1.3902,0.62207,0.14326,0.14106,0.07087,1.85529,2.25454,1.50522,0.000108726,0.000108726,0.000108726
68,679.522,1.90788,2.47516,1.38183,0.63478,0.14059,0.13018,0.06581,1.85134,2.32407,1.49512,0.000108267,0.000108267,0.000108267
69,689.424,1.88602,2.4311,1.39542,0.66397,0.13504,0.1392,0.07048,1.85709,2.24538,1.50297,0.000107808,0.000107808,0.000107808
70,699.34,1.90933,2.45823,1.39369,0.63683,0.13706,0.13283,0.06971,1.82403,2.23946,1.48571,0.00010735,0.00010735,0.00010735
71,709.251,1.9,2.52391,1.37135,0.57903,0.14345,0.1368,0.06969,1.84327,2.25435,1.4841,0.000106891,0.000106891,0.000106891
72,719.2,1.87209,2.43561,1.36976,0.72039,0.13583,0.1476,0.07539,1.81285,2.21386,1.4836,0.000106432,0.000106432,0.000106432
73,729.135,1.86294,2.39928,1.38391,0.64616,0.13965,0.13916,0.0717,1.82952,2.24076,1.4904,0.000105974,0.000105974,0.000105974
74,739.067,1.88565,2.4173,1.39418,0.56127,0.14999,0.1436,0.07522,1.8203,2.20702,1.47977,0.000105515,0.000105515,0.000105515
75,748.979,1.85079,2.31338,1.3573,0.64059,0.13648,0.14313,0.07437,1.85319,2.22464,1.49299,0.000105056,0.000105056,0.000105056
76,758.9,1.85442,2.35686,1.37191,0.74414,0.12763,0.15338,0.07298,1.85071,2.1651,1.49563,0.000104597,0.000104597,0.000104597
77,768.814,1.86062,2.29627,1.36711,0.70891,0.13106,0.14121,0.07123,1.82626,2.21457,1.48097,0.000104139,0.000104139,0.000104139
78,778.766,1.88496,2.34951,1.3782,0.71555,0.13304,0.13916,0.07064,1.84026,2.19158,1.48229,0.00010368,0.00010368,0.00010368
79,788.685,1.82218,2.2909,1.35333,0.66057,0.12915,0.1554,0.08241,1.81462,2.15581,1.4707,0.000103221,0.000103221,0.000103221
80,798.649,1.82205,2.33634,1.32709,0.60779,0.13691,0.15242,0.08113,1.80256,2.16081,1.45681,0.000102763,0.000102763,0.000102763
81,808.659,1.8442,2.37482,1.36412,0.64791,0.11801,0.14863,0.07709,1.83163,2.20421,1.47168,0.000102304,0.000102304,0.000102304
82,818.512,1.8583,2.34674,1.34809,0.598,0.13451,0.15748,0.08123,1.81875,2.15779,1.46695,0.000101845,0.000101845,0.000101845
83,828.283,1.85698,2.30825,1.36739,0.60744,0.13421,0.15029,0.07797,1.83135,2.16943,1.46626,0.000101387,0.000101387,0.000101387
84,838.124,1.82465,2.25103,1.34273,0.65889,0.14417,0.15542,0.08544,1.80612,2.15252,1.4606,0.000100928,0.000100928,0.000100928
85,847.99,1.83024,2.30269,1.34962,0.69395,0.13456,0.16216,0.0853,1.80853,2.17004,1.45787,0.000100469,0.000100469,0.000100469
86,857.879,1.87841,2.31878,1.34793,0.58589,0.14756,0.17017,0.08628,1.78656,2.11444,1.44454,0.00010001,0.00010001,0.00010001
87,867.756,1.82735,2.24457,1.33607,0.60916,0.1426,0.15709,0.07956,1.80268,2.10336,1.44535,9.95518e-05,9.95518e-05,9.95518e-05
88,877.627,1.81349,2.21079,1.33894,0.5341,0.16086,0.16394,0.08109,1.83622,2.0973,1.4593,9.90931e-05,9.90931e-05,9.90931e-05
89,887.479,1.83978,2.23515,1.34635,0.72699,0.14486,0.16547,0.07972,1.80192,2.10624,1.45531,9.86344e-05,9.86344e-05,9.86344e-05
90,897.489,1.8171,2.19923,1.34193,0.56763,0.15467,0.17921,0.08077,1.78832,2.09123,1.44263,9.81757e-05,9.81757e-05,9.81757e-05
91,907.447,1.80692,2.2051,1.33255,0.61661,0.17339,0.16235,0.08217,1.78599,2.07267,1.45015,9.7717e-05,9.7717e-05,9.7717e-05
92,917.349,1.78428,2.17077,1.32453,0.67126,0.13734,0.17507,0.08735,1.80248,2.06229,1.44242,9.72583e-05,9.72583e-05,9.72583e-05
93,927.174,1.799,2.16393,1.34604,0.56509,0.16357,0.18657,0.09029,1.78795,2.0374,1.43627,9.67996e-05,9.67996e-05,9.67996e-05
94,937.145,1.76852,2.13497,1.32422,0.57847,0.17213,0.17839,0.08972,1.7946,2.04623,1.44016,9.63409e-05,9.63409e-05,9.63409e-05
95,947.076,1.80584,2.17321,1.32704,0.51115,0.19244,0.16835,0.08645,1.7954,2.05483,1.44472,9.58822e-05,9.58822e-05,9.58822e-05
96,957.03,1.80655,2.20859,1.34563,0.49139,0.17972,0.1752,0.08604,1.80501,2.05852,1.44106,9.54235e-05,9.54235e-05,9.54235e-05
97,966.96,1.78192,2.1326,1.33235,0.69836,0.13334,0.1777,0.088,1.8186,2.02938,1.44557,9.49648e-05,9.49648e-05,9.49648e-05
98,976.897,1.78917,2.18707,1.31953,0.59871,0.1545,0.16774,0.08599,1.80659,2.0836,1.4552,9.45061e-05,9.45061e-05,9.45061e-05
99,986.838,1.81028,2.12189,1.31069,0.51782,0.19196,0.19243,0.09421,1.79985,2.04677,1.44082,9.40474e-05,9.40474e-05,9.40474e-05
100,996.789,1.77992,2.14368,1.30777,0.72178,0.15613,0.19554,0.10206,1.78563,2.0022,1.43487,9.35887e-05,9.35887e-05,9.35887e-05
101,1006.73,1.77309,2.06528,1.29713,0.60739,0.17554,0.17542,0.08762,1.78753,1.9911,1.43322,9.313e-05,9.313e-05,9.313e-05
102,1016.69,1.79432,2.17223,1.30243,0.60554,0.17022,0.18891,0.09408,1.80623,2.0175,1.44237,9.26713e-05,9.26713e-05,9.26713e-05
103,1026.65,1.76919,2.08767,1.31514,0.65008,0.15952,0.18797,0.09925,1.78752,2.00006,1.43268,9.22126e-05,9.22126e-05,9.22126e-05
104,1036.61,1.77359,2.09313,1.31411,0.59788,0.18669,0.20166,0.10376,1.75395,2.00999,1.41667,9.17539e-05,9.17539e-05,9.17539e-05
105,1046.56,1.76155,2.10049,1.30163,0.62789,0.18077,0.18951,0.09509,1.74307,1.99433,1.41616,9.12952e-05,9.12952e-05,9.12952e-05
106,1056.51,1.77314,2.05506,1.29901,0.54284,0.18401,0.17512,0.08986,1.77044,2.0167,1.42739,9.08365e-05,9.08365e-05,9.08365e-05
107,1066.45,1.73786,2.04322,1.29537,0.64678,0.17976,0.18593,0.09672,1.73462,2.01328,1.41713,9.03778e-05,9.03778e-05,9.03778e-05
108,1076.41,1.78492,2.05591,1.31317,0.66762,0.17614,0.18939,0.09831,1.75174,1.9772,1.42206,8.99191e-05,8.99191e-05,8.99191e-05
109,1086.34,1.75169,2.02326,1.28321,0.58121,0.17148,0.19968,0.10135,1.7595,1.98374,1.42375,8.94604e-05,8.94604e-05,8.94604e-05
110,1096.3,1.77047,2.08457,1.30379,0.58118,0.1886,0.1943,0.09697,1.74382,1.98739,1.41396,8.90017e-05,8.90017e-05,8.90017e-05
111,1106.25,1.75667,1.9988,1.30804,0.63795,0.18935,0.19086,0.09702,1.76582,1.96377,1.42534,8.8543e-05,8.8543e-05,8.8543e-05
112,1116.21,1.73612,2.03849,1.29058,0.60031,0.17782,0.20577,0.10393,1.74935,1.95427,1.41505,8.80843e-05,8.80843e-05,8.80843e-05
113,1126.18,1.77947,2.07023,1.2907,0.64882,0.19361,0.20256,0.09665,1.74721,1.97052,1.41827,8.76256e-05,8.76256e-05,8.76256e-05
114,1136.12,1.70652,1.9506,1.27569,0.6786,0.18165,0.20161,0.10074,1.73528,1.98325,1.41172,8.71669e-05,8.71669e-05,8.71669e-05
115,1146.13,1.73548,1.99891,1.30524,0.48041,0.22228,0.198,0.10516,1.7338,1.96977,1.40496,8.67082e-05,8.67082e-05,8.67082e-05
116,1156.14,1.73579,1.99327,1.3109,0.59531,0.192,0.19922,0.10527,1.73085,1.96101,1.41065,8.62495e-05,8.62495e-05,8.62495e-05
117,1166.15,1.76003,1.98641,1.27213,0.49027,0.20539,0.19452,0.09793,1.73414,1.95433,1.40713,8.57908e-05,8.57908e-05,8.57908e-05
118,1176.16,1.72415,1.9546,1.27767,0.61908,0.19346,0.20868,0.10433,1.76607,1.96731,1.41359,8.53321e-05,8.53321e-05,8.53321e-05
119,1186.08,1.70872,1.96747,1.284,0.66329,0.18421,0.20713,0.10026,1.73862,1.94945,1.40006,8.48734e-05,8.48734e-05,8.48734e-05
120,1196.04,1.73888,1.96826,1.28295,0.66396,0.1845,0.20184,0.105,1.7481,1.93547,1.40336,8.44147e-05,8.44147e-05,8.44147e-05
121,1205.97,1.70287,1.90591,1.28964,0.70562,0.17142,0.20755,0.1069,1.73431,1.95113,1.40505,8.3956e-05,8.3956e-05,8.3956e-05
122,1215.92,1.71515,1.9731,1.25566,0.6944,0.17793,0.21374,0.11144,1.72932,1.92454,1.39977,8.34973e-05,8.34973e-05,8.34973e-05
123,1225.86,1.70889,1.94536,1.27625,0.71455,0.1756,0.21741,0.11202,1.74233,1.89478,1.40521,8.30386e-05,8.30386e-05,8.30386e-05
124,1235.82,1.69378,1.9056,1.26002,0.62645,0.20396,0.21692,0.11123,1.74172,1.90956,1.39544,8.25799e-05,8.25799e-05,8.25799e-05
125,1245.78,1.68679,1.93631,1.246,0.70007,0.17624,0.20723,0.11049,1.7356,1.91773,1.39098,8.21212e-05,8.21212e-05,8.21212e-05
126,1255.71,1.6828,1.87376,1.26992,0.60982,0.20004,0.20314,0.10357,1.74924,1.90308,1.39629,8.16625e-05,8.16625e-05,8.16625e-05
127,1265.67,1.70088,1.9094,1.25561,0.62298,0.20482,0.23187,0.11741,1.74024,1.89391,1.39558,8.12038e-05,8.12038e-05,8.12038e-05
128,1275.62,1.68346,1.86109,1.25466,0.69766,0.19136,0.22777,0.11637,1.70795,1.91234,1.38404,8.07451e-05,8.07451e-05,8.07451e-05
129,1285.55,1.71626,1.92749,1.2667,0.67846,0.16963,0.21477,0.11088,1.72846,1.90932,1.39607,8.02864e-05,8.02864e-05,8.02864e-05
130,1295.46,1.72337,1.89947,1.26637,0.70329,0.18026,0.21351,0.11033,1.71982,1.90657,1.38615,7.98277e-05,7.98277e-05,7.98277e-05
131,1305.57,1.67943,1.92409,1.26645,0.64599,0.1915,0.20638,0.10876,1.72746,1.91796,1.39699,7.9369e-05,7.9369e-05,7.9369e-05
132,1315.64,1.68464,1.89755,1.26695,0.72648,0.17412,0.22022,0.11362,1.73105,1.93199,1.38505,7.89103e-05,7.89103e-05,7.89103e-05
133,1325.83,1.72282,1.91485,1.26141,0.65059,0.18763,0.21003,0.10783,1.7248,1.90272,1.38131,7.84516e-05,7.84516e-05,7.84516e-05
134,1336.01,1.68651,1.92679,1.25947,0.51883,0.24362,0.22021,0.11704,1.73319,1.90255,1.39542,7.79929e-05,7.79929e-05,7.79929e-05
135,1346.21,1.69346,1.82492,1.26547,0.72518,0.1784,0.21476,0.10921,1.73638,1.89694,1.389,7.75342e-05,7.75342e-05,7.75342e-05
136,1356.4,1.70561,1.91129,1.27382,0.62767,0.21325,0.23025,0.11549,1.74356,1.90257,1.38891,7.70755e-05,7.70755e-05,7.70755e-05
137,1366.56,1.71804,1.93247,1.25876,0.49853,0.24861,0.22633,0.11423,1.72898,1.89792,1.38948,7.66168e-05,7.66168e-05,7.66168e-05
138,1376.8,1.66442,1.81546,1.26244,0.4303,0.24064,0.22112,0.1126,1.71842,1.89171,1.37821,7.61581e-05,7.61581e-05,7.61581e-05
139,1386.9,1.68961,1.8715,1.25461,0.4469,0.26204,0.23629,0.1199,1.72241,1.87616,1.38082,7.56994e-05,7.56994e-05,7.56994e-05
140,1396.96,1.66179,1.85892,1.25744,0.76134,0.16327,0.22877,0.11632,1.72191,1.86917,1.38265,7.52407e-05,7.52407e-05,7.52407e-05
141,1407.03,1.67037,1.89938,1.25988,0.67012,0.20558,0.22721,0.11699,1.70705,1.88187,1.37399,7.4782e-05,7.4782e-05,7.4782e-05
142,1417.27,1.66618,1.90288,1.23034,0.63192,0.20386,0.23918,0.1236,1.72409,1.8695,1.3831,7.43233e-05,7.43233e-05,7.43233e-05
143,1427.59,1.69232,1.83674,1.26364,0.49768,0.21988,0.22388,0.11771,1.72579,1.88336,1.39505,7.38646e-05,7.38646e-05,7.38646e-05
144,1437.83,1.70704,1.84634,1.2571,0.5995,0.24583,0.2351,0.12147,1.7334,1.8574,1.39269,7.34059e-05,7.34059e-05,7.34059e-05
145,1447.86,1.67387,1.8516,1.24986,0.6955,0.20381,0.22678,0.11855,1.71163,1.8704,1.37913,7.29472e-05,7.29472e-05,7.29472e-05
146,1457.88,1.65624,1.84678,1.22675,0.69354,0.1969,0.2284,0.11807,1.70367,1.86427,1.37611,7.24885e-05,7.24885e-05,7.24885e-05
147,1467.92,1.65865,1.83691,1.24372,0.53672,0.23692,0.23287,0.12134,1.71176,1.85879,1.38153,7.20298e-05,7.20298e-05,7.20298e-05
148,1477.89,1.67047,1.83209,1.21967,0.72961,0.1944,0.23534,0.12099,1.706,1.85237,1.37397,7.15711e-05,7.15711e-05,7.15711e-05
149,1487.98,1.67103,1.82096,1.26845,0.68608,0.19918,0.22646,0.11927,1.69967,1.82742,1.37599,7.11124e-05,7.11124e-05,7.11124e-05
150,1498.02,1.67143,1.83853,1.23247,0.73663,0.18239,0.23038,0.11708,1.71963,1.85795,1.37466,7.06537e-05,7.06537e-05,7.06537e-05
151,1508.06,1.63957,1.81594,1.23531,0.44153,0.25329,0.22806,0.1144,1.73306,1.83705,1.39005,7.0195e-05,7.0195e-05,7.0195e-05
152,1518.09,1.65676,1.77398,1.24324,0.46546,0.24319,0.23047,0.1163,1.72877,1.85335,1.38248,6.97363e-05,6.97363e-05,6.97363e-05
153,1528.08,1.61871,1.77342,1.21417,0.47137,0.24984,0.2432,0.12689,1.71024,1.85228,1.37389,6.92776e-05,6.92776e-05,6.92776e-05
154,1538.1,1.66516,1.81149,1.2355,0.71799,0.18121,0.24517,0.12892,1.72889,1.85755,1.38056,6.88189e-05,6.88189e-05,6.88189e-05
155,1548.16,1.6574,1.83245,1.23649,0.72162,0.18345,0.22813,0.12072,1.70928,1.84381,1.3723,6.83602e-05,6.83602e-05,6.83602e-05
156,1558.25,1.65454,1.79774,1.24652,0.65472,0.2037,0.23476,0.122,1.71669,1.85627,1.37839,6.79015e-05,6.79015e-05,6.79015e-05
157,1568.37,1.66165,1.82296,1.239,0.64696,0.20889,0.23545,0.12304,1.70884,1.83536,1.37439,6.74428e-05,6.74428e-05,6.74428e-05
158,1578.48,1.65617,1.77269,1.23415,0.57257,0.24383,0.22823,0.11669,1.71275,1.82521,1.37744,6.69841e-05,6.69841e-05,6.69841e-05
159,1588.5,1.64418,1.77055,1.22472,0.52867,0.2499,0.23537,0.12144,1.70518,1.81659,1.37005,6.65254e-05,6.65254e-05,6.65254e-05
160,1598.61,1.63747,1.75835,1.23117,0.71824,0.18648,0.23624,0.12119,1.70019,1.83297,1.36693,6.60667e-05,6.60667e-05,6.60667e-05
161,1608.67,1.60815,1.77181,1.22086,0.50912,0.26512,0.26455,0.13153,1.69565,1.82796,1.37396,6.5608e-05,6.5608e-05,6.5608e-05
162,1618.82,1.64156,1.78572,1.22618,0.48899,0.25696,0.2569,0.12878,1.70966,1.84102,1.37791,6.51493e-05,6.51493e-05,6.51493e-05
163,1628.92,1.66097,1.77627,1.24279,0.65604,0.19756,0.23643,0.12277,1.69703,1.83156,1.37016,6.46906e-05,6.46906e-05,6.46906e-05
164,1638.98,1.63802,1.79656,1.22373,0.43779,0.25307,0.24645,0.12822,1.70567,1.82991,1.37046,6.42319e-05,6.42319e-05,6.42319e-05
165,1649.01,1.6272,1.72995,1.24606,0.71698,0.18497,0.23513,0.12282,1.71386,1.82626,1.3765,6.37732e-05,6.37732e-05,6.37732e-05
166,1659.07,1.63223,1.78189,1.23019,0.53647,0.25327,0.24503,0.12843,1.71592,1.81885,1.37123,6.33145e-05,6.33145e-05,6.33145e-05
167,1669.12,1.6142,1.71094,1.22772,0.52301,0.26402,0.24923,0.12717,1.6916,1.82681,1.36905,6.28558e-05,6.28558e-05,6.28558e-05
168,1679.21,1.63308,1.71109,1.22553,0.56301,0.25478,0.25175,0.1311,1.7057,1.80886,1.37045,6.23971e-05,6.23971e-05,6.23971e-05
169,1689.26,1.60884,1.70414,1.21737,0.6454,0.22308,0.24525,0.12691,1.69167,1.81192,1.36979,6.19384e-05,6.19384e-05,6.19384e-05
170,1699.3,1.60996,1.71907,1.22003,0.66869,0.22047,0.24512,0.12987,1.6955,1.80664,1.36635,6.14797e-05,6.14797e-05,6.14797e-05
171,1709.34,1.59745,1.71465,1.20183,0.65049,0.23057,0.24687,0.1279,1.71228,1.80782,1.37048,6.1021e-05,6.1021e-05,6.1021e-05
172,1719.4,1.61662,1.69565,1.2358,0.67443,0.21936,0.25014,0.13135,1.70381,1.80924,1.37089,6.05623e-05,6.05623e-05,6.05623e-05
173,1729.46,1.61355,1.66324,1.20882,0.62791,0.22292,0.24018,0.12577,1.70895,1.80793,1.37004,6.01036e-05,6.01036e-05,6.01036e-05
174,1739.52,1.61023,1.72728,1.22409,0.64717,0.22673,0.24103,0.12487,1.70117,1.78739,1.36219,5.96449e-05,5.96449e-05,5.96449e-05
175,1749.57,1.5788,1.68177,1.22192,0.7063,0.1983,0.23363,0.11845,1.7124,1.78506,1.36092,5.91862e-05,5.91862e-05,5.91862e-05
176,1759.63,1.60747,1.73241,1.21889,0.71348,0.21026,0.24152,0.12319,1.72694,1.79701,1.36715,5.87275e-05,5.87275e-05,5.87275e-05
177,1769.68,1.58982,1.69761,1.20177,0.65713,0.21547,0.25703,0.13304,1.708,1.79586,1.36553,5.82688e-05,5.82688e-05,5.82688e-05
178,1779.75,1.59363,1.7482,1.22769,0.58169,0.25699,0.24597,0.12652,1.72264,1.78462,1.36928,5.78101e-05,5.78101e-05,5.78101e-05
179,1789.77,1.60329,1.68367,1.22349,0.66373,0.21771,0.25037,0.1276,1.7137,1.78987,1.36113,5.73514e-05,5.73514e-05,5.73514e-05
180,1799.84,1.62103,1.71974,1.22269,0.54063,0.24153,0.24608,0.12608,1.70213,1.79195,1.36168,5.68927e-05,5.68927e-05,5.68927e-05
181,1809.9,1.55982,1.6936,1.20782,0.59102,0.2321,0.24287,0.12645,1.70958,1.7852,1.36531,5.6434e-05,5.6434e-05,5.6434e-05
182,1819.94,1.62837,1.73411,1.21022,0.54688,0.24655,0.2501,0.12752,1.7133,1.78752,1.36339,5.59753e-05,5.59753e-05,5.59753e-05
183,1829.94,1.59143,1.66947,1.2063,0.65069,0.22496,0.24903,0.12815,1.72495,1.77836,1.36264,5.55166e-05,5.55166e-05,5.55166e-05
184,1839.96,1.608,1.68773,1.23651,0.62063,0.22865,0.24514,0.12766,1.71902,1.77758,1.36554,5.50579e-05,5.50579e-05,5.50579e-05
185,1849.95,1.59003,1.71107,1.20364,0.56325,0.24638,0.24411,0.12522,1.72002,1.7691,1.36313,5.45992e-05,5.45992e-05,5.45992e-05
186,1859.98,1.58291,1.72153,1.19113,0.65621,0.22696,0.23942,0.12307,1.7267,1.77033,1.36635,5.41405e-05,5.41405e-05,5.41405e-05
187,1870.02,1.60806,1.72982,1.21891,0.54283,0.25098,0.23727,0.12386,1.71349,1.75646,1.35956,5.36818e-05,5.36818e-05,5.36818e-05
188,1880.06,1.61959,1.72268,1.21783,0.57294,0.2381,0.24623,0.1284,1.71789,1.76998,1.36125,5.32231e-05,5.32231e-05,5.32231e-05
189,1890.09,1.5685,1.64804,1.20081,0.5547,0.25445,0.24539,0.1269,1.71585,1.7918,1.35992,5.27644e-05,5.27644e-05,5.27644e-05
190,1900.09,1.59002,1.68217,1.2048,0.55565,0.25487,0.24654,0.13006,1.70739,1.78954,1.3542,5.23057e-05,5.23057e-05,5.23057e-05
191,1910.12,1.58545,1.6808,1.19552,0.73334,0.2019,0.24541,0.12937,1.70722,1.76746,1.359,5.1847e-05,5.1847e-05,5.1847e-05
192,1920.15,1.54767,1.65749,1.18448,0.54237,0.26779,0.25628,0.13609,1.71052,1.76977,1.35274,5.13883e-05,5.13883e-05,5.13883e-05
193,1930.17,1.5975,1.64445,1.21812,0.73399,0.20421,0.24378,0.12431,1.70568,1.78211,1.35006,5.09296e-05,5.09296e-05,5.09296e-05
194,1940.21,1.58676,1.66004,1.22623,0.72226,0.20443,0.24713,0.12607,1.72005,1.7895,1.35402,5.04709e-05,5.04709e-05,5.04709e-05
195,1950.29,1.60282,1.65827,1.18336,0.65418,0.21175,0.24862,0.12659,1.72557,1.7942,1.35939,5.00122e-05,5.00122e-05,5.00122e-05
196,1960.35,1.59689,1.70596,1.21147,0.62971,0.22828,0.24271,0.12416,1.717,1.80053,1.3611,4.95535e-05,4.95535e-05,4.95535e-05
197,1970.41,1.56758,1.6539,1.20598,0.55095,0.25386,0.24929,0.12749,1.72265,1.79001,1.37183,4.90948e-05,4.90948e-05,4.90948e-05
198,1980.45,1.54587,1.61576,1.17221,0.63808,0.23806,0.24359,0.1277,1.7186,1.78846,1.36923,4.86361e-05,4.86361e-05,4.86361e-05
199,1990.48,1.59394,1.65422,1.20423,0.66108,0.23796,0.24862,0.12826,1.7171,1.75996,1.36448,4.81774e-05,4.81774e-05,4.81774e-05
200,2000.55,1.56259,1.61846,1.1843,0.67049,0.23326,0.24522,0.12692,1.71713,1.76582,1.3658,4.77187e-05,4.77187e-05,4.77187e-05
201,2010.61,1.55307,1.63112,1.20799,0.68249,0.21783,0.24451,0.12778,1.69946,1.76168,1.3583,4.726e-05,4.726e-05,4.726e-05
202,2020.68,1.58638,1.68881,1.20594,0.57856,0.25048,0.25465,0.13222,1.71068,1.77326,1.35984,4.68013e-05,4.68013e-05,4.68013e-05
203,2030.76,1.5645,1.63569,1.19335,0.7174,0.2113,0.25303,0.13125,1.71055,1.77819,1.35334,4.63426e-05,4.63426e-05,4.63426e-05
204,2040.85,1.58684,1.66237,1.21156,0.66419,0.21555,0.24916,0.1311,1.71176,1.7767,1.35601,4.58839e-05,4.58839e-05,4.58839e-05
205,2050.91,1.56983,1.68496,1.19583,0.66876,0.20958,0.2549,0.13063,1.725,1.7742,1.36057,4.54252e-05,4.54252e-05,4.54252e-05
206,2060.93,1.50924,1.64016,1.18316,0.61611,0.25103,0.25229,0.13146,1.71782,1.77264,1.35411,4.49665e-05,4.49665e-05,4.49665e-05
207,2071.01,1.57599,1.6465,1.20407,0.71375,0.20639,0.25291,0.12862,1.7208,1.76689,1.35387,4.45078e-05,4.45078e-05,4.45078e-05
208,2081.11,1.56116,1.60357,1.19358,0.72141,0.20918,0.25692,0.13195,1.71963,1.76791,1.35585,4.40491e-05,4.40491e-05,4.40491e-05
209,2091.21,1.56727,1.64548,1.20143,0.66152,0.22284,0.25492,0.13346,1.71995,1.78454,1.35974,4.35904e-05,4.35904e-05,4.35904e-05
210,2101.25,1.56034,1.6614,1.18785,0.48169,0.26497,0.25258,0.13139,1.70485,1.78384,1.35935,4.31317e-05,4.31317e-05,4.31317e-05
211,2111.23,1.55289,1.63978,1.1775,0.66067,0.23774,0.25451,0.13368,1.69949,1.77735,1.35589,4.2673e-05,4.2673e-05,4.2673e-05
212,2121.24,1.55987,1.62823,1.18525,0.7083,0.21799,0.24163,0.12662,1.69851,1.78004,1.35244,4.22143e-05,4.22143e-05,4.22143e-05
213,2131.22,1.53561,1.56176,1.19293,0.66663,0.22224,0.25085,0.13211,1.69564,1.78176,1.35088,4.17556e-05,4.17556e-05,4.17556e-05
214,2141.25,1.56917,1.61141,1.20399,0.68471,0.23136,0.25555,0.13414,1.71153,1.7798,1.36077,4.12969e-05,4.12969e-05,4.12969e-05
215,2151.25,1.5445,1.62257,1.19197,0.70208,0.23916,0.25652,0.13424,1.71977,1.75938,1.35862,4.08382e-05,4.08382e-05,4.08382e-05
216,2161.29,1.55893,1.63846,1.17904,0.70712,0.23467,0.25617,0.13365,1.71237,1.77788,1.35923,4.03795e-05,4.03795e-05,4.03795e-05
217,2171.3,1.53852,1.59297,1.18538,0.65827,0.22969,0.25307,0.1318,1.71666,1.77451,1.35698,3.99208e-05,3.99208e-05,3.99208e-05
218,2181.31,1.54355,1.60957,1.18593,0.66807,0.23418,0.25198,0.13106,1.72011,1.77573,1.35477,3.94621e-05,3.94621e-05,3.94621e-05
219,2191.27,1.52069,1.60113,1.18783,0.68193,0.2309,0.25117,0.13163,1.72092,1.76586,1.3593,3.90034e-05,3.90034e-05,3.90034e-05
220,2201.26,1.56824,1.60104,1.19835,0.69532,0.23272,0.24665,0.12913,1.71189,1.75556,1.35605,3.85447e-05,3.85447e-05,3.85447e-05
221,2211.24,1.51464,1.58389,1.18108,0.69964,0.22405,0.24592,0.1278,1.71177,1.76763,1.35632,3.8086e-05,3.8086e-05,3.8086e-05
222,2221.25,1.549,1.57332,1.17938,0.69111,0.22917,0.25406,0.12945,1.71562,1.77317,1.3579,3.76273e-05,3.76273e-05,3.76273e-05
223,2231.22,1.56528,1.6151,1.19836,0.68855,0.23322,0.25124,0.12972,1.72056,1.75588,1.35997,3.71686e-05,3.71686e-05,3.71686e-05
224,2241.23,1.53503,1.60145,1.17496,0.65156,0.2358,0.2473,0.12717,1.71637,1.76062,1.35952,3.67099e-05,3.67099e-05,3.67099e-05
225,2251.23,1.53919,1.61692,1.18886,0.64986,0.24011,0.24648,0.12758,1.71226,1.76209,1.35767,3.62512e-05,3.62512e-05,3.62512e-05
226,2261.24,1.56164,1.6679,1.18408,0.64578,0.23841,0.2519,0.13162,1.71325,1.76356,1.35846,3.57925e-05,3.57925e-05,3.57925e-05
227,2271.24,1.54132,1.60891,1.18026,0.64658,0.23955,0.24846,0.13045,1.71525,1.76734,1.3549,3.53338e-05,3.53338e-05,3.53338e-05
228,2281.28,1.54668,1.6328,1.19261,0.65326,0.23541,0.24566,0.12905,1.70931,1.77472,1.35333,3.48751e-05,3.48751e-05,3.48751e-05
229,2291.25,1.53185,1.59498,1.18635,0.62679,0.24113,0.24492,0.12592,1.71017,1.7663,1.35213,3.44164e-05,3.44164e-05,3.44164e-05
230,2301.26,1.51902,1.57,1.17596,0.62162,0.23945,0.24671,0.12987,1.70819,1.76408,1.35139,3.39577e-05,3.39577e-05,3.39577e-05
231,2311.23,1.49912,1.55642,1.18734,0.66678,0.24041,0.25089,0.13322,1.70254,1.74534,1.34813,3.3499e-05,3.3499e-05,3.3499e-05
232,2321.25,1.51712,1.52334,1.1642,0.68828,0.22753,0.25926,0.1369,1.70197,1.74022,1.34934,3.30403e-05,3.30403e-05,3.30403e-05
233,2331.25,1.51172,1.56875,1.17742,0.61112,0.25826,0.27104,0.14291,1.70166,1.74097,1.3488,3.25816e-05,3.25816e-05,3.25816e-05
234,2341.27,1.51038,1.58467,1.17209,0.70862,0.21583,0.26492,0.13997,1.70327,1.73381,1.34712,3.21229e-05,3.21229e-05,3.21229e-05
235,2351.25,1.5184,1.53194,1.18617,0.70416,0.21864,0.26528,0.14095,1.7002,1.74603,1.34679,3.16642e-05,3.16642e-05,3.16642e-05
236,2361.28,1.52545,1.58288,1.17655,0.72805,0.21733,0.26621,0.1444,1.69691,1.74576,1.34639,3.12055e-05,3.12055e-05,3.12055e-05
237,2371.27,1.50713,1.55356,1.17916,0.73682,0.21759,0.26229,0.1401,1.70163,1.73761,1.34482,3.07468e-05,3.07468e-05,3.07468e-05
238,2381.29,1.4862,1.51568,1.16927,0.71458,0.22203,0.26594,0.13859,1.70048,1.74306,1.3458,3.02881e-05,3.02881e-05,3.02881e-05
239,2391.32,1.49312,1.54246,1.16655,0.72893,0.20774,0.25831,0.13537,1.694,1.73886,1.34326,2.98294e-05,2.98294e-05,2.98294e-05
240,2401.36,1.52652,1.57446,1.16369,0.69766,0.22647,0.25881,0.13682,1.70045,1.74177,1.34372,2.93707e-05,2.93707e-05,2.93707e-05
241,2411.49,1.53069,1.54129,1.20623,0.67852,0.22409,0.2593,0.13559,1.70357,1.73787,1.34415,2.8912e-05,2.8912e-05,2.8912e-05
242,2421.59,1.50788,1.54405,1.1752,0.68823,0.22119,0.26147,0.13725,1.70297,1.74386,1.3471,2.84533e-05,2.84533e-05,2.84533e-05
243,2431.59,1.50391,1.56581,1.19567,0.7107,0.22036,0.27077,0.14194,1.70561,1.74523,1.34895,2.79946e-05,2.79946e-05,2.79946e-05
244,2441.73,1.54747,1.59627,1.16873,0.71673,0.21046,0.2671,0.1398,1.70163,1.74752,1.34778,2.75359e-05,2.75359e-05,2.75359e-05
245,2451.71,1.50718,1.54445,1.17439,0.71593,0.21198,0.26743,0.13993,1.70748,1.74427,1.35185,2.70772e-05,2.70772e-05,2.70772e-05
246,2461.72,1.5456,1.57129,1.17596,0.64895,0.2192,0.26582,0.14048,1.70154,1.74477,1.34712,2.66185e-05,2.66185e-05,2.66185e-05
247,2471.71,1.51615,1.52315,1.16792,0.65478,0.23507,0.27324,0.14134,1.70302,1.74367,1.35038,2.61598e-05,2.61598e-05,2.61598e-05
248,2481.71,1.51502,1.52307,1.16873,0.65355,0.23853,0.26368,0.1373,1.70398,1.75234,1.35017,2.57011e-05,2.57011e-05,2.57011e-05
249,2491.71,1.50173,1.52019,1.15278,0.65459,0.24144,0.26501,0.13803,1.70666,1.74294,1.34996,2.52424e-05,2.52424e-05,2.52424e-05
250,2501.72,1.51063,1.57273,1.18995,0.65259,0.2414,0.26702,0.13915,1.71025,1.74052,1.35107,2.47837e-05,2.47837e-05,2.47837e-05
251,2511.78,1.47209,1.5086,1.17239,0.64641,0.24473,0.25957,0.13387,1.71409,1.74632,1.35153,2.4325e-05,2.4325e-05,2.4325e-05
252,2521.79,1.49146,1.5737,1.15882,0.65519,0.23762,0.26335,0.13491,1.71837,1.74056,1.35176,2.38663e-05,2.38663e-05,2.38663e-05
253,2531.81,1.46739,1.52006,1.16719,0.65047,0.25182,0.26591,0.13756,1.71352,1.7365,1.34987,2.34076e-05,2.34076e-05,2.34076e-05
254,2541.82,1.50735,1.53228,1.15849,0.66191,0.25633,0.27494,0.13965,1.71629,1.73559,1.35135,2.29489e-05,2.29489e-05,2.29489e-05
255,2551.79,1.50757,1.52886,1.16054,0.66279,0.25471,0.26662,0.13553,1.71924,1.74295,1.35124,2.24902e-05,2.24902e-05,2.24902e-05
256,2561.74,1.51796,1.50879,1.16092,0.65669,0.24426,0.25963,0.13417,1.71984,1.74147,1.35203,2.20315e-05,2.20315e-05,2.20315e-05
257,2571.69,1.51022,1.55808,1.16391,0.653,0.24545,0.25905,0.13549,1.72236,1.73362,1.35266,2.15728e-05,2.15728e-05,2.15728e-05
258,2581.68,1.50312,1.55867,1.16457,0.65481,0.24383,0.25771,0.13463,1.71804,1.73271,1.35088,2.11141e-05,2.11141e-05,2.11141e-05
259,2591.66,1.46336,1.53084,1.15414,0.65673,0.24489,0.26639,0.13832,1.72219,1.7356,1.35251,2.06554e-05,2.06554e-05,2.06554e-05
260,2601.64,1.47291,1.53208,1.15398,0.68188,0.24593,0.26771,0.13818,1.71933,1.73781,1.35179,2.01967e-05,2.01967e-05,2.01967e-05
261,2611.6,1.49711,1.5265,1.15495,0.65813,0.24339,0.25921,0.13531,1.71743,1.73163,1.35201,1.9738e-05,1.9738e-05,1.9738e-05
262,2621.53,1.47317,1.48809,1.15293,0.65743,0.24672,0.26358,0.13837,1.7156,1.73452,1.35148,1.92793e-05,1.92793e-05,1.92793e-05
263,2631.33,1.50039,1.4891,1.16126,0.66057,0.2444,0.25873,0.13532,1.717,1.73595,1.35008,1.88206e-05,1.88206e-05,1.88206e-05
264,2641.15,1.47362,1.52921,1.16009,0.65644,0.23859,0.25736,0.13485,1.71914,1.73732,1.35166,1.83619e-05,1.83619e-05,1.83619e-05
265,2650.94,1.45128,1.52789,1.14628,0.65776,0.23997,0.25676,0.13504,1.71725,1.73435,1.35159,1.79032e-05,1.79032e-05,1.79032e-05
266,2660.77,1.53188,1.50413,1.16724,0.68621,0.22284,0.25785,0.13533,1.71876,1.73151,1.35161,1.74445e-05,1.74445e-05,1.74445e-05
267,2670.56,1.47145,1.50656,1.15573,0.6877,0.22257,0.26092,0.13732,1.71955,1.73209,1.35131,1.69858e-05,1.69858e-05,1.69858e-05
268,2680.46,1.50496,1.53196,1.15312,0.72461,0.22807,0.26547,0.13623,1.71783,1.72785,1.35098,1.65271e-05,1.65271e-05,1.65271e-05
269,2690.31,1.48565,1.49471,1.16039,0.7042,0.22953,0.27302,0.13921,1.71667,1.72945,1.34991,1.60684e-05,1.60684e-05,1.60684e-05
270,2700.26,1.50481,1.49051,1.16835,0.69586,0.22389,0.26369,0.1373,1.71876,1.72882,1.34958,1.56097e-05,1.56097e-05,1.56097e-05
271,2710.17,1.43685,1.46551,1.15688,0.69853,0.22358,0.26869,0.14008,1.7178,1.7269,1.35135,1.5151e-05,1.5151e-05,1.5151e-05
272,2719.98,1.49235,1.55351,1.17213,0.69663,0.22608,0.26627,0.13895,1.72156,1.72928,1.35253,1.46923e-05,1.46923e-05,1.46923e-05
273,2729.85,1.46866,1.5008,1.16115,0.72075,0.22776,0.27079,0.14037,1.7228,1.72575,1.35142,1.42336e-05,1.42336e-05,1.42336e-05
274,2739.67,1.48768,1.5478,1.16383,0.72086,0.22576,0.27025,0.14044,1.72186,1.71964,1.35042,1.37749e-05,1.37749e-05,1.37749e-05
275,2749.45,1.48408,1.51354,1.18356,0.71927,0.22359,0.27009,0.14095,1.72059,1.72408,1.3513,1.33162e-05,1.33162e-05,1.33162e-05
276,2759.37,1.48287,1.48494,1.14838,0.71666,0.22457,0.2729,0.14217,1.72164,1.71813,1.35171,1.28575e-05,1.28575e-05,1.28575e-05
277,2769.2,1.48787,1.46709,1.14678,0.71294,0.22297,0.27468,0.14295,1.72411,1.72201,1.35189,1.23988e-05,1.23988e-05,1.23988e-05
278,2779.01,1.4673,1.46322,1.17796,0.71466,0.22336,0.27523,0.14144,1.72582,1.72195,1.35181,1.19401e-05,1.19401e-05,1.19401e-05
279,2788.81,1.48076,1.48819,1.15977,0.68766,0.22392,0.27641,0.14205,1.72512,1.72226,1.35151,1.14814e-05,1.14814e-05,1.14814e-05
280,2798.73,1.49449,1.51371,1.15281,0.6865,0.23531,0.27175,0.1381,1.72262,1.71803,1.35027,1.10227e-05,1.10227e-05,1.10227e-05
281,2808.6,1.4974,1.52378,1.15046,0.7139,0.23429,0.27088,0.13822,1.72098,1.71646,1.34967,1.0564e-05,1.0564e-05,1.0564e-05
282,2818.44,1.48824,1.50064,1.14667,0.71095,0.23024,0.27001,0.13857,1.72098,1.71478,1.35073,1.01053e-05,1.01053e-05,1.01053e-05
283,2828.29,1.49556,1.53113,1.16488,0.70963,0.22933,0.27677,0.14339,1.71835,1.71057,1.34904,9.6466e-06,9.6466e-06,9.6466e-06
284,2838.33,1.45431,1.44662,1.1448,0.71733,0.22669,0.28002,0.14442,1.71855,1.71427,1.34801,9.1879e-06,9.1879e-06,9.1879e-06
285,2848.53,1.49839,1.55248,1.16066,0.72003,0.22607,0.27879,0.14423,1.72027,1.71265,1.34895,8.7292e-06,8.7292e-06,8.7292e-06
286,2858.33,1.45833,1.49431,1.16122,0.72149,0.22523,0.27603,0.14191,1.72051,1.71693,1.34899,8.2705e-06,8.2705e-06,8.2705e-06
287,2868.16,1.49849,1.49028,1.18262,0.72101,0.22298,0.27781,0.14413,1.72105,1.71575,1.34844,7.8118e-06,7.8118e-06,7.8118e-06
288,2877.91,1.48428,1.47812,1.15986,0.72209,0.22249,0.278,0.14287,1.7214,1.71539,1.34891,7.3531e-06,7.3531e-06,7.3531e-06
289,2887.87,1.47312,1.49546,1.16276,0.7219,0.22261,0.27671,0.1427,1.72085,1.71686,1.3485,6.8944e-06,6.8944e-06,6.8944e-06
290,2897.65,1.42655,1.43588,1.14436,0.72138,0.22327,0.27538,0.14123,1.71923,1.72471,1.34852,6.4357e-06,6.4357e-06,6.4357e-06
291,2910.15,1.43623,1.43048,1.18212,0.71565,0.22798,0.26905,0.13697,1.72431,1.72228,1.35372,5.977e-06,5.977e-06,5.977e-06
292,2919.96,1.40708,1.40337,1.16008,0.68829,0.23168,0.26523,0.13645,1.72628,1.72403,1.35743,5.5183e-06,5.5183e-06,5.5183e-06
293,2929.86,1.41923,1.40666,1.16439,0.68548,0.22894,0.25662,0.13332,1.73035,1.72474,1.36008,5.0596e-06,5.0596e-06,5.0596e-06
294,2939.63,1.4217,1.4068,1.17691,0.68354,0.23038,0.25353,0.1317,1.73155,1.72391,1.36001,4.6009e-06,4.6009e-06,4.6009e-06
295,2949.45,1.44432,1.45222,1.18837,0.65834,0.23375,0.25003,0.12992,1.73411,1.72605,1.36053,4.1422e-06,4.1422e-06,4.1422e-06
296,2959.22,1.39774,1.39155,1.16219,0.67829,0.23109,0.24918,0.12884,1.73487,1.72503,1.36129,3.6835e-06,3.6835e-06,3.6835e-06
297,2969.11,1.42258,1.39166,1.17575,0.68132,0.22847,0.2494,0.12961,1.73676,1.72623,1.36348,3.2248e-06,3.2248e-06,3.2248e-06
298,2978.99,1.40605,1.39212,1.16742,0.68223,0.22833,0.25137,0.13033,1.73624,1.73175,1.36479,2.7661e-06,2.7661e-06,2.7661e-06
299,2988.85,1.41341,1.39267,1.15053,0.68204,0.22818,0.25124,0.13029,1.73465,1.73171,1.36418,2.3074e-06,2.3074e-06,2.3074e-06
300,2998.65,1.40958,1.38924,1.16585,0.68198,0.22851,0.25139,0.13013,1.73717,1.73556,1.36706,1.8487e-06,1.8487e-06,1.8487e-06
